name, timestamp, uuid, utilization.gpu [%], memory.total [MiB], utilization.memory [%], power.draw [W]
NVIDIA A100-SXM4-40GB, 2023/11/04 02:40:00.181, GPU-f85a1c50-0c98-e374-1306-7c84f519cad5, 0 %, 40536 MiB, 0 %, 50.44 W
NVIDIA A100-SXM4-40GB, 2023/11/04 02:40:00.184, GPU-da1b1640-a5a3-e19a-8453-dd88c9e77f26, 0 %, 40536 MiB, 0 %, 54.35 W
NVIDIA A100-SXM4-40GB, 2023/11/04 02:40:00.187, GPU-ece058fa-15d6-8a3c-0d4b-55fd0d9dbb06, 0 %, 40536 MiB, 0 %, 50.87 W
NVIDIA A100-SXM4-40GB, 2023/11/04 02:40:00.193, GPU-5dbb7c73-9b00-e5a0-d8ac-9b95c2870383, 0 %, 40536 MiB, 0 %, 53.81 W
NVIDIA A100-SXM4-40GB, 2023/11/04 02:40:01.198, GPU-f85a1c50-0c98-e374-1306-7c84f519cad5, 0 %, 40536 MiB, 0 %, 50.44 W
NVIDIA A100-SXM4-40GB, 2023/11/04 02:40:01.200, GPU-da1b1640-a5a3-e19a-8453-dd88c9e77f26, 0 %, 40536 MiB, 0 %, 54.35 W
NVIDIA A100-SXM4-40GB, 2023/11/04 02:40:01.203, GPU-ece058fa-15d6-8a3c-0d4b-55fd0d9dbb06, 0 %, 40536 MiB, 0 %, 50.87 W
NVIDIA A100-SXM4-40GB, 2023/11/04 02:40:01.205, GPU-5dbb7c73-9b00-e5a0-d8ac-9b95c2870383, 0 %, 40536 MiB, 0 %, 53.48 W
NVIDIA A100-SXM4-40GB, 2023/11/04 02:40:02.209, GPU-f85a1c50-0c98-e374-1306-7c84f519cad5, 0 %, 40536 MiB, 0 %, 50.44 W
NVIDIA A100-SXM4-40GB, 2023/11/04 02:40:02.212, GPU-da1b1640-a5a3-e19a-8453-dd88c9e77f26, 0 %, 40536 MiB, 0 %, 54.35 W
NVIDIA A100-SXM4-40GB, 2023/11/04 02:40:02.215, GPU-ece058fa-15d6-8a3c-0d4b-55fd0d9dbb06, 0 %, 40536 MiB, 0 %, 50.87 W
NVIDIA A100-SXM4-40GB, 2023/11/04 02:40:02.217, GPU-5dbb7c73-9b00-e5a0-d8ac-9b95c2870383, 0 %, 40536 MiB, 0 %, 53.81 W
NVIDIA A100-SXM4-40GB, 2023/11/04 02:40:03.221, GPU-f85a1c50-0c98-e374-1306-7c84f519cad5, 0 %, 40536 MiB, 0 %, 50.44 W
NVIDIA A100-SXM4-40GB, 2023/11/04 02:40:03.225, GPU-da1b1640-a5a3-e19a-8453-dd88c9e77f26, 0 %, 40536 MiB, 0 %, 54.35 W
NVIDIA A100-SXM4-40GB, 2023/11/04 02:40:03.227, GPU-ece058fa-15d6-8a3c-0d4b-55fd0d9dbb06, 0 %, 40536 MiB, 0 %, 50.87 W
NVIDIA A100-SXM4-40GB, 2023/11/04 02:40:03.230, GPU-5dbb7c73-9b00-e5a0-d8ac-9b95c2870383, 0 %, 40536 MiB, 0 %, 53.48 W
NVIDIA A100-SXM4-40GB, 2023/11/04 02:40:04.233, GPU-f85a1c50-0c98-e374-1306-7c84f519cad5, 0 %, 40536 MiB, 0 %, 50.44 W
NVIDIA A100-SXM4-40GB, 2023/11/04 02:40:04.235, GPU-da1b1640-a5a3-e19a-8453-dd88c9e77f26, 0 %, 40536 MiB, 0 %, 54.35 W
NVIDIA A100-SXM4-40GB, 2023/11/04 02:40:04.238, GPU-ece058fa-15d6-8a3c-0d4b-55fd0d9dbb06, 0 %, 40536 MiB, 0 %, 50.87 W
NVIDIA A100-SXM4-40GB, 2023/11/04 02:40:04.241, GPU-5dbb7c73-9b00-e5a0-d8ac-9b95c2870383, 0 %, 40536 MiB, 0 %, 53.81 W
NVIDIA A100-SXM4-40GB, 2023/11/04 02:40:05.243, GPU-f85a1c50-0c98-e374-1306-7c84f519cad5, 0 %, 40536 MiB, 0 %, 50.44 W
NVIDIA A100-SXM4-40GB, 2023/11/04 02:40:05.246, GPU-da1b1640-a5a3-e19a-8453-dd88c9e77f26, 0 %, 40536 MiB, 0 %, 54.35 W
NVIDIA A100-SXM4-40GB, 2023/11/04 02:40:05.249, GPU-ece058fa-15d6-8a3c-0d4b-55fd0d9dbb06, 0 %, 40536 MiB, 0 %, 50.87 W
NVIDIA A100-SXM4-40GB, 2023/11/04 02:40:05.252, GPU-5dbb7c73-9b00-e5a0-d8ac-9b95c2870383, 0 %, 40536 MiB, 0 %, 53.81 W
NVIDIA A100-SXM4-40GB, 2023/11/04 02:40:06.254, GPU-f85a1c50-0c98-e374-1306-7c84f519cad5, 0 %, 40536 MiB, 0 %, 50.44 W
NVIDIA A100-SXM4-40GB, 2023/11/04 02:40:06.257, GPU-da1b1640-a5a3-e19a-8453-dd88c9e77f26, 0 %, 40536 MiB, 0 %, 54.35 W
NVIDIA A100-SXM4-40GB, 2023/11/04 02:40:06.260, GPU-ece058fa-15d6-8a3c-0d4b-55fd0d9dbb06, 0 %, 40536 MiB, 0 %, 50.87 W
NVIDIA A100-SXM4-40GB, 2023/11/04 02:40:06.263, GPU-5dbb7c73-9b00-e5a0-d8ac-9b95c2870383, 0 %, 40536 MiB, 0 %, 53.81 W
NVIDIA A100-SXM4-40GB, 2023/11/04 02:40:07.266, GPU-f85a1c50-0c98-e374-1306-7c84f519cad5, 0 %, 40536 MiB, 0 %, 50.44 W
NVIDIA A100-SXM4-40GB, 2023/11/04 02:40:07.268, GPU-da1b1640-a5a3-e19a-8453-dd88c9e77f26, 0 %, 40536 MiB, 0 %, 54.35 W
NVIDIA A100-SXM4-40GB, 2023/11/04 02:40:07.271, GPU-ece058fa-15d6-8a3c-0d4b-55fd0d9dbb06, 0 %, 40536 MiB, 0 %, 50.87 W
NVIDIA A100-SXM4-40GB, 2023/11/04 02:40:07.273, GPU-5dbb7c73-9b00-e5a0-d8ac-9b95c2870383, 0 %, 40536 MiB, 0 %, 53.75 W
NVIDIA A100-SXM4-40GB, 2023/11/04 02:40:08.277, GPU-f85a1c50-0c98-e374-1306-7c84f519cad5, 0 %, 40536 MiB, 0 %, 50.44 W
NVIDIA A100-SXM4-40GB, 2023/11/04 02:40:08.280, GPU-da1b1640-a5a3-e19a-8453-dd88c9e77f26, 0 %, 40536 MiB, 0 %, 54.35 W
NVIDIA A100-SXM4-40GB, 2023/11/04 02:40:08.282, GPU-ece058fa-15d6-8a3c-0d4b-55fd0d9dbb06, 0 %, 40536 MiB, 0 %, 50.87 W
NVIDIA A100-SXM4-40GB, 2023/11/04 02:40:08.285, GPU-5dbb7c73-9b00-e5a0-d8ac-9b95c2870383, 0 %, 40536 MiB, 0 %, 53.48 W
NVIDIA A100-SXM4-40GB, 2023/11/04 02:40:09.288, GPU-f85a1c50-0c98-e374-1306-7c84f519cad5, 0 %, 40536 MiB, 0 %, 50.44 W
NVIDIA A100-SXM4-40GB, 2023/11/04 02:40:09.290, GPU-da1b1640-a5a3-e19a-8453-dd88c9e77f26, 0 %, 40536 MiB, 0 %, 54.35 W
NVIDIA A100-SXM4-40GB, 2023/11/04 02:40:09.293, GPU-ece058fa-15d6-8a3c-0d4b-55fd0d9dbb06, 0 %, 40536 MiB, 0 %, 50.87 W
NVIDIA A100-SXM4-40GB, 2023/11/04 02:40:09.296, GPU-5dbb7c73-9b00-e5a0-d8ac-9b95c2870383, 0 %, 40536 MiB, 0 %, 53.81 W
NVIDIA A100-SXM4-40GB, 2023/11/04 02:40:10.298, GPU-f85a1c50-0c98-e374-1306-7c84f519cad5, 0 %, 40536 MiB, 0 %, 50.44 W
NVIDIA A100-SXM4-40GB, 2023/11/04 02:40:10.301, GPU-da1b1640-a5a3-e19a-8453-dd88c9e77f26, 0 %, 40536 MiB, 0 %, 54.68 W
NVIDIA A100-SXM4-40GB, 2023/11/04 02:40:10.303, GPU-ece058fa-15d6-8a3c-0d4b-55fd0d9dbb06, 0 %, 40536 MiB, 0 %, 50.87 W
NVIDIA A100-SXM4-40GB, 2023/11/04 02:40:10.306, GPU-5dbb7c73-9b00-e5a0-d8ac-9b95c2870383, 0 %, 40536 MiB, 0 %, 53.81 W
NVIDIA A100-SXM4-40GB, 2023/11/04 02:40:11.309, GPU-f85a1c50-0c98-e374-1306-7c84f519cad5, 0 %, 40536 MiB, 0 %, 50.44 W
NVIDIA A100-SXM4-40GB, 2023/11/04 02:40:11.314, GPU-da1b1640-a5a3-e19a-8453-dd88c9e77f26, 0 %, 40536 MiB, 0 %, 54.35 W
NVIDIA A100-SXM4-40GB, 2023/11/04 02:40:11.316, GPU-ece058fa-15d6-8a3c-0d4b-55fd0d9dbb06, 0 %, 40536 MiB, 0 %, 50.87 W
NVIDIA A100-SXM4-40GB, 2023/11/04 02:40:11.326, GPU-5dbb7c73-9b00-e5a0-d8ac-9b95c2870383, 0 %, 40536 MiB, 0 %, 53.81 W
NVIDIA A100-SXM4-40GB, 2023/11/04 02:40:12.330, GPU-f85a1c50-0c98-e374-1306-7c84f519cad5, 0 %, 40536 MiB, 0 %, 50.44 W
NVIDIA A100-SXM4-40GB, 2023/11/04 02:40:12.338, GPU-da1b1640-a5a3-e19a-8453-dd88c9e77f26, 2 %, 40536 MiB, 0 %, 59.90 W
NVIDIA A100-SXM4-40GB, 2023/11/04 02:40:12.348, GPU-ece058fa-15d6-8a3c-0d4b-55fd0d9dbb06, 2 %, 40536 MiB, 0 %, 56.36 W
NVIDIA A100-SXM4-40GB, 2023/11/04 02:40:12.356, GPU-5dbb7c73-9b00-e5a0-d8ac-9b95c2870383, 1 %, 40536 MiB, 0 %, 58.97 W
NVIDIA A100-SXM4-40GB, 2023/11/04 02:40:13.367, GPU-f85a1c50-0c98-e374-1306-7c84f519cad5, 0 %, 40536 MiB, 0 %, 50.44 W
NVIDIA A100-SXM4-40GB, 2023/11/04 02:40:13.381, GPU-da1b1640-a5a3-e19a-8453-dd88c9e77f26, 2 %, 40536 MiB, 0 %, 60.22 W
NVIDIA A100-SXM4-40GB, 2023/11/04 02:40:13.396, GPU-ece058fa-15d6-8a3c-0d4b-55fd0d9dbb06, 2 %, 40536 MiB, 0 %, 56.69 W
NVIDIA A100-SXM4-40GB, 2023/11/04 02:40:13.414, GPU-5dbb7c73-9b00-e5a0-d8ac-9b95c2870383, 2 %, 40536 MiB, 0 %, 58.97 W
NVIDIA A100-SXM4-40GB, 2023/11/04 02:40:14.431, GPU-f85a1c50-0c98-e374-1306-7c84f519cad5, 0 %, 40536 MiB, 0 %, 50.44 W
NVIDIA A100-SXM4-40GB, 2023/11/04 02:40:14.433, GPU-da1b1640-a5a3-e19a-8453-dd88c9e77f26, 1 %, 40536 MiB, 0 %, 60.22 W
NVIDIA A100-SXM4-40GB, 2023/11/04 02:40:14.436, GPU-ece058fa-15d6-8a3c-0d4b-55fd0d9dbb06, 1 %, 40536 MiB, 0 %, 56.69 W
NVIDIA A100-SXM4-40GB, 2023/11/04 02:40:14.438, GPU-5dbb7c73-9b00-e5a0-d8ac-9b95c2870383, 4 %, 40536 MiB, 0 %, 58.97 W
NVIDIA A100-SXM4-40GB, 2023/11/04 02:40:15.443, GPU-f85a1c50-0c98-e374-1306-7c84f519cad5, 6 %, 40536 MiB, 0 %, 56.31 W
NVIDIA A100-SXM4-40GB, 2023/11/04 02:40:15.446, GPU-da1b1640-a5a3-e19a-8453-dd88c9e77f26, 0 %, 40536 MiB, 0 %, 60.22 W
NVIDIA A100-SXM4-40GB, 2023/11/04 02:40:15.451, GPU-ece058fa-15d6-8a3c-0d4b-55fd0d9dbb06, 0 %, 40536 MiB, 0 %, 56.69 W
NVIDIA A100-SXM4-40GB, 2023/11/04 02:40:15.453, GPU-5dbb7c73-9b00-e5a0-d8ac-9b95c2870383, 0 %, 40536 MiB, 0 %, 58.97 W
NVIDIA A100-SXM4-40GB, 2023/11/04 02:40:16.456, GPU-f85a1c50-0c98-e374-1306-7c84f519cad5, 0 %, 40536 MiB, 0 %, 56.25 W
NVIDIA A100-SXM4-40GB, 2023/11/04 02:40:16.458, GPU-da1b1640-a5a3-e19a-8453-dd88c9e77f26, 2 %, 40536 MiB, 0 %, 60.22 W
NVIDIA A100-SXM4-40GB, 2023/11/04 02:40:16.461, GPU-ece058fa-15d6-8a3c-0d4b-55fd0d9dbb06, 1 %, 40536 MiB, 0 %, 56.63 W
NVIDIA A100-SXM4-40GB, 2023/11/04 02:40:16.464, GPU-5dbb7c73-9b00-e5a0-d8ac-9b95c2870383, 2 %, 40536 MiB, 0 %, 58.97 W
NVIDIA A100-SXM4-40GB, 2023/11/04 02:40:17.479, GPU-f85a1c50-0c98-e374-1306-7c84f519cad5, 0 %, 40536 MiB, 0 %, 56.31 W
NVIDIA A100-SXM4-40GB, 2023/11/04 02:40:17.484, GPU-da1b1640-a5a3-e19a-8453-dd88c9e77f26, 0 %, 40536 MiB, 0 %, 60.22 W
NVIDIA A100-SXM4-40GB, 2023/11/04 02:40:17.487, GPU-ece058fa-15d6-8a3c-0d4b-55fd0d9dbb06, 0 %, 40536 MiB, 0 %, 56.63 W
NVIDIA A100-SXM4-40GB, 2023/11/04 02:40:17.490, GPU-5dbb7c73-9b00-e5a0-d8ac-9b95c2870383, 0 %, 40536 MiB, 0 %, 58.97 W
NVIDIA A100-SXM4-40GB, 2023/11/04 02:40:18.493, GPU-f85a1c50-0c98-e374-1306-7c84f519cad5, 0 %, 40536 MiB, 0 %, 56.03 W
NVIDIA A100-SXM4-40GB, 2023/11/04 02:40:18.495, GPU-da1b1640-a5a3-e19a-8453-dd88c9e77f26, 0 %, 40536 MiB, 0 %, 60.22 W
NVIDIA A100-SXM4-40GB, 2023/11/04 02:40:18.498, GPU-ece058fa-15d6-8a3c-0d4b-55fd0d9dbb06, 0 %, 40536 MiB, 0 %, 56.63 W
NVIDIA A100-SXM4-40GB, 2023/11/04 02:40:18.500, GPU-5dbb7c73-9b00-e5a0-d8ac-9b95c2870383, 0 %, 40536 MiB, 0 %, 58.97 W
NVIDIA A100-SXM4-40GB, 2023/11/04 02:40:19.514, GPU-f85a1c50-0c98-e374-1306-7c84f519cad5, 0 %, 40536 MiB, 0 %, 57.17 W
NVIDIA A100-SXM4-40GB, 2023/11/04 02:40:19.516, GPU-da1b1640-a5a3-e19a-8453-dd88c9e77f26, 0 %, 40536 MiB, 0 %, 60.22 W
NVIDIA A100-SXM4-40GB, 2023/11/04 02:40:19.519, GPU-ece058fa-15d6-8a3c-0d4b-55fd0d9dbb06, 0 %, 40536 MiB, 0 %, 56.69 W
NVIDIA A100-SXM4-40GB, 2023/11/04 02:40:19.522, GPU-5dbb7c73-9b00-e5a0-d8ac-9b95c2870383, 0 %, 40536 MiB, 0 %, 58.97 W
NVIDIA A100-SXM4-40GB, 2023/11/04 02:40:20.524, GPU-f85a1c50-0c98-e374-1306-7c84f519cad5, 0 %, 40536 MiB, 0 %, 56.31 W
NVIDIA A100-SXM4-40GB, 2023/11/04 02:40:20.527, GPU-da1b1640-a5a3-e19a-8453-dd88c9e77f26, 0 %, 40536 MiB, 0 %, 60.22 W
NVIDIA A100-SXM4-40GB, 2023/11/04 02:40:20.529, GPU-ece058fa-15d6-8a3c-0d4b-55fd0d9dbb06, 0 %, 40536 MiB, 0 %, 56.63 W
NVIDIA A100-SXM4-40GB, 2023/11/04 02:40:20.532, GPU-5dbb7c73-9b00-e5a0-d8ac-9b95c2870383, 0 %, 40536 MiB, 0 %, 58.97 W
NVIDIA A100-SXM4-40GB, 2023/11/04 02:40:21.534, GPU-f85a1c50-0c98-e374-1306-7c84f519cad5, 0 %, 40536 MiB, 0 %, 56.03 W
NVIDIA A100-SXM4-40GB, 2023/11/04 02:40:21.537, GPU-da1b1640-a5a3-e19a-8453-dd88c9e77f26, 0 %, 40536 MiB, 0 %, 60.22 W
NVIDIA A100-SXM4-40GB, 2023/11/04 02:40:21.539, GPU-ece058fa-15d6-8a3c-0d4b-55fd0d9dbb06, 0 %, 40536 MiB, 0 %, 56.63 W
NVIDIA A100-SXM4-40GB, 2023/11/04 02:40:21.542, GPU-5dbb7c73-9b00-e5a0-d8ac-9b95c2870383, 0 %, 40536 MiB, 0 %, 58.97 W
NVIDIA A100-SXM4-40GB, 2023/11/04 02:40:22.545, GPU-f85a1c50-0c98-e374-1306-7c84f519cad5, 0 %, 40536 MiB, 0 %, 55.97 W
NVIDIA A100-SXM4-40GB, 2023/11/04 02:40:22.547, GPU-da1b1640-a5a3-e19a-8453-dd88c9e77f26, 0 %, 40536 MiB, 0 %, 60.22 W
NVIDIA A100-SXM4-40GB, 2023/11/04 02:40:22.550, GPU-ece058fa-15d6-8a3c-0d4b-55fd0d9dbb06, 0 %, 40536 MiB, 0 %, 56.63 W
NVIDIA A100-SXM4-40GB, 2023/11/04 02:40:22.552, GPU-5dbb7c73-9b00-e5a0-d8ac-9b95c2870383, 0 %, 40536 MiB, 0 %, 58.97 W
NVIDIA A100-SXM4-40GB, 2023/11/04 02:40:23.564, GPU-f85a1c50-0c98-e374-1306-7c84f519cad5, 0 %, 40536 MiB, 0 %, 56.31 W
NVIDIA A100-SXM4-40GB, 2023/11/04 02:40:23.566, GPU-da1b1640-a5a3-e19a-8453-dd88c9e77f26, 0 %, 40536 MiB, 0 %, 60.22 W
NVIDIA A100-SXM4-40GB, 2023/11/04 02:40:23.569, GPU-ece058fa-15d6-8a3c-0d4b-55fd0d9dbb06, 0 %, 40536 MiB, 0 %, 56.69 W
NVIDIA A100-SXM4-40GB, 2023/11/04 02:40:23.571, GPU-5dbb7c73-9b00-e5a0-d8ac-9b95c2870383, 0 %, 40536 MiB, 0 %, 58.97 W
NVIDIA A100-SXM4-40GB, 2023/11/04 02:40:24.578, GPU-f85a1c50-0c98-e374-1306-7c84f519cad5, 0 %, 40536 MiB, 0 %, 56.31 W
NVIDIA A100-SXM4-40GB, 2023/11/04 02:40:24.580, GPU-da1b1640-a5a3-e19a-8453-dd88c9e77f26, 0 %, 40536 MiB, 0 %, 60.22 W
NVIDIA A100-SXM4-40GB, 2023/11/04 02:40:24.583, GPU-ece058fa-15d6-8a3c-0d4b-55fd0d9dbb06, 0 %, 40536 MiB, 0 %, 56.63 W
NVIDIA A100-SXM4-40GB, 2023/11/04 02:40:24.585, GPU-5dbb7c73-9b00-e5a0-d8ac-9b95c2870383, 0 %, 40536 MiB, 0 %, 58.97 W
NVIDIA A100-SXM4-40GB, 2023/11/04 02:40:25.589, GPU-f85a1c50-0c98-e374-1306-7c84f519cad5, 0 %, 40536 MiB, 0 %, 56.31 W
NVIDIA A100-SXM4-40GB, 2023/11/04 02:40:25.591, GPU-da1b1640-a5a3-e19a-8453-dd88c9e77f26, 0 %, 40536 MiB, 0 %, 60.22 W
NVIDIA A100-SXM4-40GB, 2023/11/04 02:40:25.594, GPU-ece058fa-15d6-8a3c-0d4b-55fd0d9dbb06, 0 %, 40536 MiB, 0 %, 56.63 W
NVIDIA A100-SXM4-40GB, 2023/11/04 02:40:25.597, GPU-5dbb7c73-9b00-e5a0-d8ac-9b95c2870383, 0 %, 40536 MiB, 0 %, 58.97 W
NVIDIA A100-SXM4-40GB, 2023/11/04 02:40:26.620, GPU-f85a1c50-0c98-e374-1306-7c84f519cad5, 0 %, 40536 MiB, 0 %, 56.31 W
NVIDIA A100-SXM4-40GB, 2023/11/04 02:40:26.623, GPU-da1b1640-a5a3-e19a-8453-dd88c9e77f26, 0 %, 40536 MiB, 0 %, 60.22 W
NVIDIA A100-SXM4-40GB, 2023/11/04 02:40:26.625, GPU-ece058fa-15d6-8a3c-0d4b-55fd0d9dbb06, 0 %, 40536 MiB, 0 %, 56.63 W
NVIDIA A100-SXM4-40GB, 2023/11/04 02:40:26.628, GPU-5dbb7c73-9b00-e5a0-d8ac-9b95c2870383, 0 %, 40536 MiB, 0 %, 58.97 W
NVIDIA A100-SXM4-40GB, 2023/11/04 02:40:27.631, GPU-f85a1c50-0c98-e374-1306-7c84f519cad5, 0 %, 40536 MiB, 0 %, 56.31 W
NVIDIA A100-SXM4-40GB, 2023/11/04 02:40:27.633, GPU-da1b1640-a5a3-e19a-8453-dd88c9e77f26, 0 %, 40536 MiB, 0 %, 60.22 W
NVIDIA A100-SXM4-40GB, 2023/11/04 02:40:27.636, GPU-ece058fa-15d6-8a3c-0d4b-55fd0d9dbb06, 0 %, 40536 MiB, 0 %, 56.69 W
NVIDIA A100-SXM4-40GB, 2023/11/04 02:40:27.638, GPU-5dbb7c73-9b00-e5a0-d8ac-9b95c2870383, 0 %, 40536 MiB, 0 %, 58.97 W
NVIDIA A100-SXM4-40GB, 2023/11/04 02:40:28.641, GPU-f85a1c50-0c98-e374-1306-7c84f519cad5, 0 %, 40536 MiB, 0 %, 56.31 W
NVIDIA A100-SXM4-40GB, 2023/11/04 02:40:28.644, GPU-da1b1640-a5a3-e19a-8453-dd88c9e77f26, 0 %, 40536 MiB, 0 %, 60.22 W
NVIDIA A100-SXM4-40GB, 2023/11/04 02:40:28.646, GPU-ece058fa-15d6-8a3c-0d4b-55fd0d9dbb06, 0 %, 40536 MiB, 0 %, 56.69 W
NVIDIA A100-SXM4-40GB, 2023/11/04 02:40:28.649, GPU-5dbb7c73-9b00-e5a0-d8ac-9b95c2870383, 0 %, 40536 MiB, 0 %, 59.03 W
NVIDIA A100-SXM4-40GB, 2023/11/04 02:40:29.666, GPU-f85a1c50-0c98-e374-1306-7c84f519cad5, 55 %, 40536 MiB, 0 %, 74.04 W
NVIDIA A100-SXM4-40GB, 2023/11/04 02:40:29.668, GPU-da1b1640-a5a3-e19a-8453-dd88c9e77f26, 93 %, 40536 MiB, 0 %, 62.57 W
NVIDIA A100-SXM4-40GB, 2023/11/04 02:40:29.671, GPU-ece058fa-15d6-8a3c-0d4b-55fd0d9dbb06, 79 %, 40536 MiB, 0 %, 58.69 W
NVIDIA A100-SXM4-40GB, 2023/11/04 02:40:29.673, GPU-5dbb7c73-9b00-e5a0-d8ac-9b95c2870383, 64 %, 40536 MiB, 0 %, 77.99 W
NVIDIA A100-SXM4-40GB, 2023/11/04 02:40:30.676, GPU-f85a1c50-0c98-e374-1306-7c84f519cad5, 100 %, 40536 MiB, 0 %, 74.31 W
NVIDIA A100-SXM4-40GB, 2023/11/04 02:40:30.678, GPU-da1b1640-a5a3-e19a-8453-dd88c9e77f26, 0 %, 40536 MiB, 0 %, 75.13 W
NVIDIA A100-SXM4-40GB, 2023/11/04 02:40:30.681, GPU-ece058fa-15d6-8a3c-0d4b-55fd0d9dbb06, 0 %, 40536 MiB, 0 %, 70.65 W
NVIDIA A100-SXM4-40GB, 2023/11/04 02:40:30.683, GPU-5dbb7c73-9b00-e5a0-d8ac-9b95c2870383, 0 %, 40536 MiB, 0 %, 73.59 W
NVIDIA A100-SXM4-40GB, 2023/11/04 02:40:31.686, GPU-f85a1c50-0c98-e374-1306-7c84f519cad5, 100 %, 40536 MiB, 0 %, 74.38 W
NVIDIA A100-SXM4-40GB, 2023/11/04 02:40:31.688, GPU-da1b1640-a5a3-e19a-8453-dd88c9e77f26, 0 %, 40536 MiB, 0 %, 75.13 W
NVIDIA A100-SXM4-40GB, 2023/11/04 02:40:31.691, GPU-ece058fa-15d6-8a3c-0d4b-55fd0d9dbb06, 0 %, 40536 MiB, 0 %, 70.65 W
NVIDIA A100-SXM4-40GB, 2023/11/04 02:40:31.694, GPU-5dbb7c73-9b00-e5a0-d8ac-9b95c2870383, 0 %, 40536 MiB, 0 %, 73.59 W
NVIDIA A100-SXM4-40GB, 2023/11/04 02:40:32.696, GPU-f85a1c50-0c98-e374-1306-7c84f519cad5, 100 %, 40536 MiB, 0 %, 74.98 W
NVIDIA A100-SXM4-40GB, 2023/11/04 02:40:32.699, GPU-da1b1640-a5a3-e19a-8453-dd88c9e77f26, 0 %, 40536 MiB, 0 %, 60.50 W
NVIDIA A100-SXM4-40GB, 2023/11/04 02:40:32.704, GPU-ece058fa-15d6-8a3c-0d4b-55fd0d9dbb06, 0 %, 40536 MiB, 0 %, 56.63 W
NVIDIA A100-SXM4-40GB, 2023/11/04 02:40:32.706, GPU-5dbb7c73-9b00-e5a0-d8ac-9b95c2870383, 100 %, 40536 MiB, 0 %, 78.26 W
NVIDIA A100-SXM4-40GB, 2023/11/04 02:40:33.709, GPU-f85a1c50-0c98-e374-1306-7c84f519cad5, 100 %, 40536 MiB, 0 %, 74.38 W
NVIDIA A100-SXM4-40GB, 2023/11/04 02:40:33.714, GPU-da1b1640-a5a3-e19a-8453-dd88c9e77f26, 0 %, 40536 MiB, 0 %, 60.22 W
NVIDIA A100-SXM4-40GB, 2023/11/04 02:40:33.717, GPU-ece058fa-15d6-8a3c-0d4b-55fd0d9dbb06, 71 %, 40536 MiB, 0 %, 58.69 W
NVIDIA A100-SXM4-40GB, 2023/11/04 02:40:33.722, GPU-5dbb7c73-9b00-e5a0-d8ac-9b95c2870383, 100 %, 40536 MiB, 0 %, 78.26 W
NVIDIA A100-SXM4-40GB, 2023/11/04 02:40:34.724, GPU-f85a1c50-0c98-e374-1306-7c84f519cad5, 100 %, 40536 MiB, 0 %, 74.31 W
NVIDIA A100-SXM4-40GB, 2023/11/04 02:40:34.729, GPU-da1b1640-a5a3-e19a-8453-dd88c9e77f26, 0 %, 40536 MiB, 0 %, 62.24 W
NVIDIA A100-SXM4-40GB, 2023/11/04 02:40:34.732, GPU-ece058fa-15d6-8a3c-0d4b-55fd0d9dbb06, 100 %, 40536 MiB, 0 %, 75.32 W
NVIDIA A100-SXM4-40GB, 2023/11/04 02:40:34.734, GPU-5dbb7c73-9b00-e5a0-d8ac-9b95c2870383, 100 %, 40536 MiB, 0 %, 78.26 W
NVIDIA A100-SXM4-40GB, 2023/11/04 02:40:35.737, GPU-f85a1c50-0c98-e374-1306-7c84f519cad5, 100 %, 40536 MiB, 0 %, 74.31 W
NVIDIA A100-SXM4-40GB, 2023/11/04 02:40:35.739, GPU-da1b1640-a5a3-e19a-8453-dd88c9e77f26, 100 %, 40536 MiB, 0 %, 80.08 W
NVIDIA A100-SXM4-40GB, 2023/11/04 02:40:35.742, GPU-ece058fa-15d6-8a3c-0d4b-55fd0d9dbb06, 100 %, 40536 MiB, 0 %, 75.32 W
NVIDIA A100-SXM4-40GB, 2023/11/04 02:40:35.744, GPU-5dbb7c73-9b00-e5a0-d8ac-9b95c2870383, 100 %, 40536 MiB, 0 %, 78.26 W
NVIDIA A100-SXM4-40GB, 2023/11/04 02:40:36.747, GPU-f85a1c50-0c98-e374-1306-7c84f519cad5, 100 %, 40536 MiB, 0 %, 74.31 W
NVIDIA A100-SXM4-40GB, 2023/11/04 02:40:36.750, GPU-da1b1640-a5a3-e19a-8453-dd88c9e77f26, 100 %, 40536 MiB, 0 %, 79.82 W
NVIDIA A100-SXM4-40GB, 2023/11/04 02:40:36.752, GPU-ece058fa-15d6-8a3c-0d4b-55fd0d9dbb06, 100 %, 40536 MiB, 0 %, 75.32 W
NVIDIA A100-SXM4-40GB, 2023/11/04 02:40:36.755, GPU-5dbb7c73-9b00-e5a0-d8ac-9b95c2870383, 100 %, 40536 MiB, 0 %, 78.26 W
NVIDIA A100-SXM4-40GB, 2023/11/04 02:40:37.757, GPU-f85a1c50-0c98-e374-1306-7c84f519cad5, 100 %, 40536 MiB, 0 %, 74.31 W
NVIDIA A100-SXM4-40GB, 2023/11/04 02:40:37.760, GPU-da1b1640-a5a3-e19a-8453-dd88c9e77f26, 100 %, 40536 MiB, 0 %, 79.82 W
NVIDIA A100-SXM4-40GB, 2023/11/04 02:40:37.762, GPU-ece058fa-15d6-8a3c-0d4b-55fd0d9dbb06, 100 %, 40536 MiB, 0 %, 75.32 W
NVIDIA A100-SXM4-40GB, 2023/11/04 02:40:37.765, GPU-5dbb7c73-9b00-e5a0-d8ac-9b95c2870383, 100 %, 40536 MiB, 0 %, 78.26 W
NVIDIA A100-SXM4-40GB, 2023/11/04 02:40:38.767, GPU-f85a1c50-0c98-e374-1306-7c84f519cad5, 100 %, 40536 MiB, 0 %, 74.38 W
NVIDIA A100-SXM4-40GB, 2023/11/04 02:40:38.770, GPU-da1b1640-a5a3-e19a-8453-dd88c9e77f26, 100 %, 40536 MiB, 0 %, 79.54 W
NVIDIA A100-SXM4-40GB, 2023/11/04 02:40:38.772, GPU-ece058fa-15d6-8a3c-0d4b-55fd0d9dbb06, 100 %, 40536 MiB, 0 %, 75.32 W
NVIDIA A100-SXM4-40GB, 2023/11/04 02:40:38.775, GPU-5dbb7c73-9b00-e5a0-d8ac-9b95c2870383, 100 %, 40536 MiB, 0 %, 78.26 W
NVIDIA A100-SXM4-40GB, 2023/11/04 02:40:39.777, GPU-f85a1c50-0c98-e374-1306-7c84f519cad5, 100 %, 40536 MiB, 0 %, 74.31 W
NVIDIA A100-SXM4-40GB, 2023/11/04 02:40:39.780, GPU-da1b1640-a5a3-e19a-8453-dd88c9e77f26, 100 %, 40536 MiB, 0 %, 79.82 W
NVIDIA A100-SXM4-40GB, 2023/11/04 02:40:39.782, GPU-ece058fa-15d6-8a3c-0d4b-55fd0d9dbb06, 100 %, 40536 MiB, 0 %, 75.32 W
NVIDIA A100-SXM4-40GB, 2023/11/04 02:40:39.785, GPU-5dbb7c73-9b00-e5a0-d8ac-9b95c2870383, 100 %, 40536 MiB, 0 %, 78.26 W
NVIDIA A100-SXM4-40GB, 2023/11/04 02:40:40.788, GPU-f85a1c50-0c98-e374-1306-7c84f519cad5, 100 %, 40536 MiB, 0 %, 74.31 W
NVIDIA A100-SXM4-40GB, 2023/11/04 02:40:40.790, GPU-da1b1640-a5a3-e19a-8453-dd88c9e77f26, 100 %, 40536 MiB, 0 %, 79.82 W
NVIDIA A100-SXM4-40GB, 2023/11/04 02:40:40.793, GPU-ece058fa-15d6-8a3c-0d4b-55fd0d9dbb06, 100 %, 40536 MiB, 0 %, 75.32 W
NVIDIA A100-SXM4-40GB, 2023/11/04 02:40:40.795, GPU-5dbb7c73-9b00-e5a0-d8ac-9b95c2870383, 100 %, 40536 MiB, 0 %, 78.26 W
NVIDIA A100-SXM4-40GB, 2023/11/04 02:40:41.799, GPU-f85a1c50-0c98-e374-1306-7c84f519cad5, 100 %, 40536 MiB, 0 %, 74.31 W
NVIDIA A100-SXM4-40GB, 2023/11/04 02:40:41.802, GPU-da1b1640-a5a3-e19a-8453-dd88c9e77f26, 100 %, 40536 MiB, 0 %, 79.82 W
NVIDIA A100-SXM4-40GB, 2023/11/04 02:40:41.804, GPU-ece058fa-15d6-8a3c-0d4b-55fd0d9dbb06, 100 %, 40536 MiB, 0 %, 75.32 W
NVIDIA A100-SXM4-40GB, 2023/11/04 02:40:41.807, GPU-5dbb7c73-9b00-e5a0-d8ac-9b95c2870383, 100 %, 40536 MiB, 0 %, 78.26 W
NVIDIA A100-SXM4-40GB, 2023/11/04 02:40:42.810, GPU-f85a1c50-0c98-e374-1306-7c84f519cad5, 100 %, 40536 MiB, 0 %, 74.90 W
NVIDIA A100-SXM4-40GB, 2023/11/04 02:40:42.812, GPU-da1b1640-a5a3-e19a-8453-dd88c9e77f26, 100 %, 40536 MiB, 0 %, 79.82 W
NVIDIA A100-SXM4-40GB, 2023/11/04 02:40:42.815, GPU-ece058fa-15d6-8a3c-0d4b-55fd0d9dbb06, 100 %, 40536 MiB, 0 %, 75.32 W
NVIDIA A100-SXM4-40GB, 2023/11/04 02:40:42.817, GPU-5dbb7c73-9b00-e5a0-d8ac-9b95c2870383, 100 %, 40536 MiB, 0 %, 78.26 W
NVIDIA A100-SXM4-40GB, 2023/11/04 02:40:43.820, GPU-f85a1c50-0c98-e374-1306-7c84f519cad5, 67 %, 40536 MiB, 2 %, 84.83 W
NVIDIA A100-SXM4-40GB, 2023/11/04 02:40:43.822, GPU-da1b1640-a5a3-e19a-8453-dd88c9e77f26, 100 %, 40536 MiB, 0 %, 101.90 W
NVIDIA A100-SXM4-40GB, 2023/11/04 02:40:43.825, GPU-ece058fa-15d6-8a3c-0d4b-55fd0d9dbb06, 100 %, 40536 MiB, 0 %, 85.87 W
NVIDIA A100-SXM4-40GB, 2023/11/04 02:40:43.829, GPU-5dbb7c73-9b00-e5a0-d8ac-9b95c2870383, 100 %, 40536 MiB, 0 %, 75.32 W
NVIDIA A100-SXM4-40GB, 2023/11/04 02:40:44.832, GPU-f85a1c50-0c98-e374-1306-7c84f519cad5, 0 %, 40536 MiB, 0 %, 70.51 W
NVIDIA A100-SXM4-40GB, 2023/11/04 02:40:44.835, GPU-da1b1640-a5a3-e19a-8453-dd88c9e77f26, 0 %, 40536 MiB, 0 %, 75.73 W
NVIDIA A100-SXM4-40GB, 2023/11/04 02:40:44.837, GPU-ece058fa-15d6-8a3c-0d4b-55fd0d9dbb06, 0 %, 40536 MiB, 0 %, 70.98 W
NVIDIA A100-SXM4-40GB, 2023/11/04 02:40:44.840, GPU-5dbb7c73-9b00-e5a0-d8ac-9b95c2870383, 0 %, 40536 MiB, 0 %, 73.86 W
NVIDIA A100-SXM4-40GB, 2023/11/04 02:40:45.854, GPU-f85a1c50-0c98-e374-1306-7c84f519cad5, 5 %, 40536 MiB, 5 %, 56.52 W
NVIDIA A100-SXM4-40GB, 2023/11/04 02:40:45.856, GPU-da1b1640-a5a3-e19a-8453-dd88c9e77f26, 0 %, 40536 MiB, 0 %, 146.63 W
NVIDIA A100-SXM4-40GB, 2023/11/04 02:40:45.859, GPU-ece058fa-15d6-8a3c-0d4b-55fd0d9dbb06, 0 %, 40536 MiB, 0 %, 88.48 W
NVIDIA A100-SXM4-40GB, 2023/11/04 02:40:45.863, GPU-5dbb7c73-9b00-e5a0-d8ac-9b95c2870383, 28 %, 40536 MiB, 28 %, 109.84 W
NVIDIA A100-SXM4-40GB, 2023/11/04 02:40:46.866, GPU-f85a1c50-0c98-e374-1306-7c84f519cad5, 0 %, 40536 MiB, 0 %, 56.31 W
NVIDIA A100-SXM4-40GB, 2023/11/04 02:40:46.868, GPU-da1b1640-a5a3-e19a-8453-dd88c9e77f26, 0 %, 40536 MiB, 0 %, 60.50 W
NVIDIA A100-SXM4-40GB, 2023/11/04 02:40:46.871, GPU-ece058fa-15d6-8a3c-0d4b-55fd0d9dbb06, 0 %, 40536 MiB, 0 %, 56.63 W
NVIDIA A100-SXM4-40GB, 2023/11/04 02:40:46.873, GPU-5dbb7c73-9b00-e5a0-d8ac-9b95c2870383, 0 %, 40536 MiB, 0 %, 59.30 W
NVIDIA A100-SXM4-40GB, 2023/11/04 02:40:47.880, GPU-f85a1c50-0c98-e374-1306-7c84f519cad5, 100 %, 40536 MiB, 3 %, 58.90 W
NVIDIA A100-SXM4-40GB, 2023/11/04 02:40:47.884, GPU-da1b1640-a5a3-e19a-8453-dd88c9e77f26, 77 %, 40536 MiB, 3 %, 79.82 W
NVIDIA A100-SXM4-40GB, 2023/11/04 02:40:47.889, GPU-ece058fa-15d6-8a3c-0d4b-55fd0d9dbb06, 100 %, 40536 MiB, 3 %, 74.19 W
NVIDIA A100-SXM4-40GB, 2023/11/04 02:40:47.907, GPU-5dbb7c73-9b00-e5a0-d8ac-9b95c2870383, 100 %, 40536 MiB, 3 %, 69.78 W
NVIDIA A100-SXM4-40GB, 2023/11/04 02:40:48.938, GPU-f85a1c50-0c98-e374-1306-7c84f519cad5, 0 %, 40536 MiB, 0 %, 69.97 W
NVIDIA A100-SXM4-40GB, 2023/11/04 02:40:48.940, GPU-da1b1640-a5a3-e19a-8453-dd88c9e77f26, 100 %, 40536 MiB, 0 %, 80.41 W
NVIDIA A100-SXM4-40GB, 2023/11/04 02:40:48.944, GPU-ece058fa-15d6-8a3c-0d4b-55fd0d9dbb06, 100 %, 40536 MiB, 0 %, 75.40 W
NVIDIA A100-SXM4-40GB, 2023/11/04 02:40:48.947, GPU-5dbb7c73-9b00-e5a0-d8ac-9b95c2870383, 100 %, 40536 MiB, 0 %, 78.26 W
NVIDIA A100-SXM4-40GB, 2023/11/04 02:40:49.967, GPU-f85a1c50-0c98-e374-1306-7c84f519cad5, 59 %, 40536 MiB, 0 %, 72.57 W
NVIDIA A100-SXM4-40GB, 2023/11/04 02:40:49.971, GPU-da1b1640-a5a3-e19a-8453-dd88c9e77f26, 92 %, 40536 MiB, 0 %, 77.74 W
NVIDIA A100-SXM4-40GB, 2023/11/04 02:40:49.974, GPU-ece058fa-15d6-8a3c-0d4b-55fd0d9dbb06, 89 %, 40536 MiB, 0 %, 73.32 W
NVIDIA A100-SXM4-40GB, 2023/11/04 02:40:49.976, GPU-5dbb7c73-9b00-e5a0-d8ac-9b95c2870383, 100 %, 40536 MiB, 0 %, 74.78 W
NVIDIA A100-SXM4-40GB, 2023/11/04 02:40:50.979, GPU-f85a1c50-0c98-e374-1306-7c84f519cad5, 0 %, 40536 MiB, 0 %, 70.04 W
NVIDIA A100-SXM4-40GB, 2023/11/04 02:40:50.982, GPU-da1b1640-a5a3-e19a-8453-dd88c9e77f26, 0 %, 40536 MiB, 0 %, 75.40 W
NVIDIA A100-SXM4-40GB, 2023/11/04 02:40:50.984, GPU-ece058fa-15d6-8a3c-0d4b-55fd0d9dbb06, 0 %, 40536 MiB, 0 %, 70.98 W
NVIDIA A100-SXM4-40GB, 2023/11/04 02:40:50.987, GPU-5dbb7c73-9b00-e5a0-d8ac-9b95c2870383, 0 %, 40536 MiB, 0 %, 73.86 W
NVIDIA A100-SXM4-40GB, 2023/11/04 02:40:51.989, GPU-f85a1c50-0c98-e374-1306-7c84f519cad5, 0 %, 40536 MiB, 0 %, 56.58 W
NVIDIA A100-SXM4-40GB, 2023/11/04 02:40:51.992, GPU-da1b1640-a5a3-e19a-8453-dd88c9e77f26, 0 %, 40536 MiB, 0 %, 75.40 W
NVIDIA A100-SXM4-40GB, 2023/11/04 02:40:51.994, GPU-ece058fa-15d6-8a3c-0d4b-55fd0d9dbb06, 0 %, 40536 MiB, 0 %, 70.98 W
NVIDIA A100-SXM4-40GB, 2023/11/04 02:40:51.997, GPU-5dbb7c73-9b00-e5a0-d8ac-9b95c2870383, 0 %, 40536 MiB, 0 %, 59.30 W
NVIDIA A100-SXM4-40GB, 2023/11/04 02:40:52.999, GPU-f85a1c50-0c98-e374-1306-7c84f519cad5, 0 %, 40536 MiB, 0 %, 56.31 W
NVIDIA A100-SXM4-40GB, 2023/11/04 02:40:53.002, GPU-da1b1640-a5a3-e19a-8453-dd88c9e77f26, 0 %, 40536 MiB, 0 %, 60.50 W
NVIDIA A100-SXM4-40GB, 2023/11/04 02:40:53.004, GPU-ece058fa-15d6-8a3c-0d4b-55fd0d9dbb06, 0 %, 40536 MiB, 0 %, 56.63 W
NVIDIA A100-SXM4-40GB, 2023/11/04 02:40:53.008, GPU-5dbb7c73-9b00-e5a0-d8ac-9b95c2870383, 0 %, 40536 MiB, 0 %, 58.97 W
NVIDIA A100-SXM4-40GB, 2023/11/04 02:40:54.010, GPU-f85a1c50-0c98-e374-1306-7c84f519cad5, 0 %, 40536 MiB, 0 %, 56.25 W
NVIDIA A100-SXM4-40GB, 2023/11/04 02:40:54.013, GPU-da1b1640-a5a3-e19a-8453-dd88c9e77f26, 0 %, 40536 MiB, 0 %, 61.97 W
NVIDIA A100-SXM4-40GB, 2023/11/04 02:40:54.026, GPU-ece058fa-15d6-8a3c-0d4b-55fd0d9dbb06, 0 %, 40536 MiB, 0 %, 56.63 W
NVIDIA A100-SXM4-40GB, 2023/11/04 02:40:54.028, GPU-5dbb7c73-9b00-e5a0-d8ac-9b95c2870383, 0 %, 40536 MiB, 0 %, 58.97 W
NVIDIA A100-SXM4-40GB, 2023/11/04 02:40:55.031, GPU-f85a1c50-0c98-e374-1306-7c84f519cad5, 0 %, 40536 MiB, 0 %, 56.25 W
NVIDIA A100-SXM4-40GB, 2023/11/04 02:40:55.034, GPU-da1b1640-a5a3-e19a-8453-dd88c9e77f26, 0 %, 40536 MiB, 0 %, 60.50 W
NVIDIA A100-SXM4-40GB, 2023/11/04 02:40:55.036, GPU-ece058fa-15d6-8a3c-0d4b-55fd0d9dbb06, 0 %, 40536 MiB, 0 %, 57.50 W
NVIDIA A100-SXM4-40GB, 2023/11/04 02:40:55.040, GPU-5dbb7c73-9b00-e5a0-d8ac-9b95c2870383, 0 %, 40536 MiB, 0 %, 59.30 W
NVIDIA A100-SXM4-40GB, 2023/11/04 02:40:56.062, GPU-f85a1c50-0c98-e374-1306-7c84f519cad5, 0 %, 40536 MiB, 0 %, 56.25 W
NVIDIA A100-SXM4-40GB, 2023/11/04 02:40:56.064, GPU-da1b1640-a5a3-e19a-8453-dd88c9e77f26, 0 %, 40536 MiB, 0 %, 60.50 W
NVIDIA A100-SXM4-40GB, 2023/11/04 02:40:56.068, GPU-ece058fa-15d6-8a3c-0d4b-55fd0d9dbb06, 0 %, 40536 MiB, 0 %, 56.36 W
NVIDIA A100-SXM4-40GB, 2023/11/04 02:40:56.070, GPU-5dbb7c73-9b00-e5a0-d8ac-9b95c2870383, 0 %, 40536 MiB, 0 %, 58.97 W
NVIDIA A100-SXM4-40GB, 2023/11/04 02:40:57.094, GPU-f85a1c50-0c98-e374-1306-7c84f519cad5, 0 %, 40536 MiB, 0 %, 56.31 W
NVIDIA A100-SXM4-40GB, 2023/11/04 02:40:57.097, GPU-da1b1640-a5a3-e19a-8453-dd88c9e77f26, 0 %, 40536 MiB, 0 %, 60.50 W
NVIDIA A100-SXM4-40GB, 2023/11/04 02:40:57.099, GPU-ece058fa-15d6-8a3c-0d4b-55fd0d9dbb06, 0 %, 40536 MiB, 0 %, 56.63 W
NVIDIA A100-SXM4-40GB, 2023/11/04 02:40:57.102, GPU-5dbb7c73-9b00-e5a0-d8ac-9b95c2870383, 0 %, 40536 MiB, 0 %, 58.97 W
NVIDIA A100-SXM4-40GB, 2023/11/04 02:40:58.104, GPU-f85a1c50-0c98-e374-1306-7c84f519cad5, 0 %, 40536 MiB, 0 %, 56.31 W
NVIDIA A100-SXM4-40GB, 2023/11/04 02:40:58.107, GPU-da1b1640-a5a3-e19a-8453-dd88c9e77f26, 0 %, 40536 MiB, 0 %, 60.50 W
NVIDIA A100-SXM4-40GB, 2023/11/04 02:40:58.109, GPU-ece058fa-15d6-8a3c-0d4b-55fd0d9dbb06, 0 %, 40536 MiB, 0 %, 56.69 W
NVIDIA A100-SXM4-40GB, 2023/11/04 02:40:58.112, GPU-5dbb7c73-9b00-e5a0-d8ac-9b95c2870383, 0 %, 40536 MiB, 0 %, 58.97 W
NVIDIA A100-SXM4-40GB, 2023/11/04 02:40:59.114, GPU-f85a1c50-0c98-e374-1306-7c84f519cad5, 0 %, 40536 MiB, 0 %, 56.31 W
NVIDIA A100-SXM4-40GB, 2023/11/04 02:40:59.117, GPU-da1b1640-a5a3-e19a-8453-dd88c9e77f26, 0 %, 40536 MiB, 0 %, 60.50 W
NVIDIA A100-SXM4-40GB, 2023/11/04 02:40:59.119, GPU-ece058fa-15d6-8a3c-0d4b-55fd0d9dbb06, 0 %, 40536 MiB, 0 %, 56.69 W
NVIDIA A100-SXM4-40GB, 2023/11/04 02:40:59.122, GPU-5dbb7c73-9b00-e5a0-d8ac-9b95c2870383, 0 %, 40536 MiB, 0 %, 58.97 W
NVIDIA A100-SXM4-40GB, 2023/11/04 02:41:00.125, GPU-f85a1c50-0c98-e374-1306-7c84f519cad5, 0 %, 40536 MiB, 0 %, 56.31 W
NVIDIA A100-SXM4-40GB, 2023/11/04 02:41:00.127, GPU-da1b1640-a5a3-e19a-8453-dd88c9e77f26, 0 %, 40536 MiB, 0 %, 60.50 W
NVIDIA A100-SXM4-40GB, 2023/11/04 02:41:00.130, GPU-ece058fa-15d6-8a3c-0d4b-55fd0d9dbb06, 0 %, 40536 MiB, 0 %, 56.63 W
NVIDIA A100-SXM4-40GB, 2023/11/04 02:41:00.146, GPU-5dbb7c73-9b00-e5a0-d8ac-9b95c2870383, 0 %, 40536 MiB, 0 %, 58.97 W
NVIDIA A100-SXM4-40GB, 2023/11/04 02:41:01.148, GPU-f85a1c50-0c98-e374-1306-7c84f519cad5, 0 %, 40536 MiB, 0 %, 56.25 W
NVIDIA A100-SXM4-40GB, 2023/11/04 02:41:01.151, GPU-da1b1640-a5a3-e19a-8453-dd88c9e77f26, 0 %, 40536 MiB, 0 %, 60.50 W
NVIDIA A100-SXM4-40GB, 2023/11/04 02:41:01.153, GPU-ece058fa-15d6-8a3c-0d4b-55fd0d9dbb06, 0 %, 40536 MiB, 0 %, 56.63 W
NVIDIA A100-SXM4-40GB, 2023/11/04 02:41:01.156, GPU-5dbb7c73-9b00-e5a0-d8ac-9b95c2870383, 0 %, 40536 MiB, 0 %, 58.97 W
NVIDIA A100-SXM4-40GB, 2023/11/04 02:41:02.170, GPU-f85a1c50-0c98-e374-1306-7c84f519cad5, 0 %, 40536 MiB, 0 %, 56.31 W
NVIDIA A100-SXM4-40GB, 2023/11/04 02:41:02.172, GPU-da1b1640-a5a3-e19a-8453-dd88c9e77f26, 0 %, 40536 MiB, 0 %, 60.50 W
NVIDIA A100-SXM4-40GB, 2023/11/04 02:41:02.175, GPU-ece058fa-15d6-8a3c-0d4b-55fd0d9dbb06, 0 %, 40536 MiB, 0 %, 56.63 W
NVIDIA A100-SXM4-40GB, 2023/11/04 02:41:02.177, GPU-5dbb7c73-9b00-e5a0-d8ac-9b95c2870383, 0 %, 40536 MiB, 0 %, 58.97 W
NVIDIA A100-SXM4-40GB, 2023/11/04 02:41:03.194, GPU-f85a1c50-0c98-e374-1306-7c84f519cad5, 0 %, 40536 MiB, 0 %, 56.25 W
NVIDIA A100-SXM4-40GB, 2023/11/04 02:41:03.196, GPU-da1b1640-a5a3-e19a-8453-dd88c9e77f26, 0 %, 40536 MiB, 0 %, 60.50 W
NVIDIA A100-SXM4-40GB, 2023/11/04 02:41:03.199, GPU-ece058fa-15d6-8a3c-0d4b-55fd0d9dbb06, 0 %, 40536 MiB, 0 %, 56.63 W
NVIDIA A100-SXM4-40GB, 2023/11/04 02:41:03.202, GPU-5dbb7c73-9b00-e5a0-d8ac-9b95c2870383, 0 %, 40536 MiB, 0 %, 58.97 W
NVIDIA A100-SXM4-40GB, 2023/11/04 02:41:04.204, GPU-f85a1c50-0c98-e374-1306-7c84f519cad5, 44 %, 40536 MiB, 0 %, 61.84 W
NVIDIA A100-SXM4-40GB, 2023/11/04 02:41:04.207, GPU-da1b1640-a5a3-e19a-8453-dd88c9e77f26, 0 %, 40536 MiB, 0 %, 62.57 W
NVIDIA A100-SXM4-40GB, 2023/11/04 02:41:04.211, GPU-ece058fa-15d6-8a3c-0d4b-55fd0d9dbb06, 29 %, 40536 MiB, 0 %, 58.97 W
NVIDIA A100-SXM4-40GB, 2023/11/04 02:41:04.214, GPU-5dbb7c73-9b00-e5a0-d8ac-9b95c2870383, 80 %, 40536 MiB, 0 %, 61.03 W
NVIDIA A100-SXM4-40GB, 2023/11/04 02:41:05.216, GPU-f85a1c50-0c98-e374-1306-7c84f519cad5, 0 %, 40536 MiB, 0 %, 69.97 W
NVIDIA A100-SXM4-40GB, 2023/11/04 02:41:05.219, GPU-da1b1640-a5a3-e19a-8453-dd88c9e77f26, 100 %, 40536 MiB, 0 %, 80.41 W
NVIDIA A100-SXM4-40GB, 2023/11/04 02:41:05.221, GPU-ece058fa-15d6-8a3c-0d4b-55fd0d9dbb06, 100 %, 40536 MiB, 0 %, 75.32 W
NVIDIA A100-SXM4-40GB, 2023/11/04 02:41:05.224, GPU-5dbb7c73-9b00-e5a0-d8ac-9b95c2870383, 100 %, 40536 MiB, 0 %, 78.26 W
NVIDIA A100-SXM4-40GB, 2023/11/04 02:41:06.234, GPU-f85a1c50-0c98-e374-1306-7c84f519cad5, 0 %, 40536 MiB, 0 %, 70.24 W
NVIDIA A100-SXM4-40GB, 2023/11/04 02:41:06.237, GPU-da1b1640-a5a3-e19a-8453-dd88c9e77f26, 100 %, 40536 MiB, 0 %, 79.82 W
NVIDIA A100-SXM4-40GB, 2023/11/04 02:41:06.239, GPU-ece058fa-15d6-8a3c-0d4b-55fd0d9dbb06, 100 %, 40536 MiB, 0 %, 75.32 W
NVIDIA A100-SXM4-40GB, 2023/11/04 02:41:06.242, GPU-5dbb7c73-9b00-e5a0-d8ac-9b95c2870383, 100 %, 40536 MiB, 0 %, 78.54 W
NVIDIA A100-SXM4-40GB, 2023/11/04 02:41:07.244, GPU-f85a1c50-0c98-e374-1306-7c84f519cad5, 0 %, 40536 MiB, 0 %, 56.31 W
NVIDIA A100-SXM4-40GB, 2023/11/04 02:41:07.247, GPU-da1b1640-a5a3-e19a-8453-dd88c9e77f26, 100 %, 40536 MiB, 0 %, 80.41 W
NVIDIA A100-SXM4-40GB, 2023/11/04 02:41:07.249, GPU-ece058fa-15d6-8a3c-0d4b-55fd0d9dbb06, 100 %, 40536 MiB, 0 %, 75.32 W
NVIDIA A100-SXM4-40GB, 2023/11/04 02:41:07.252, GPU-5dbb7c73-9b00-e5a0-d8ac-9b95c2870383, 100 %, 40536 MiB, 0 %, 78.54 W
NVIDIA A100-SXM4-40GB, 2023/11/04 02:41:08.262, GPU-f85a1c50-0c98-e374-1306-7c84f519cad5, 0 %, 40536 MiB, 0 %, 51.63 W
NVIDIA A100-SXM4-40GB, 2023/11/04 02:41:08.264, GPU-da1b1640-a5a3-e19a-8453-dd88c9e77f26, 100 %, 40536 MiB, 0 %, 79.82 W
NVIDIA A100-SXM4-40GB, 2023/11/04 02:41:08.267, GPU-ece058fa-15d6-8a3c-0d4b-55fd0d9dbb06, 100 %, 40536 MiB, 0 %, 75.32 W
NVIDIA A100-SXM4-40GB, 2023/11/04 02:41:08.269, GPU-5dbb7c73-9b00-e5a0-d8ac-9b95c2870383, 100 %, 40536 MiB, 0 %, 78.54 W
NVIDIA A100-SXM4-40GB, 2023/11/04 02:41:09.272, GPU-f85a1c50-0c98-e374-1306-7c84f519cad5, 0 %, 40536 MiB, 0 %, 50.99 W
NVIDIA A100-SXM4-40GB, 2023/11/04 02:41:09.275, GPU-da1b1640-a5a3-e19a-8453-dd88c9e77f26, 0 %, 40536 MiB, 0 %, 75.73 W
NVIDIA A100-SXM4-40GB, 2023/11/04 02:41:09.277, GPU-ece058fa-15d6-8a3c-0d4b-55fd0d9dbb06, 0 %, 40536 MiB, 0 %, 70.98 W
NVIDIA A100-SXM4-40GB, 2023/11/04 02:41:09.280, GPU-5dbb7c73-9b00-e5a0-d8ac-9b95c2870383, 0 %, 40536 MiB, 0 %, 74.19 W
NVIDIA A100-SXM4-40GB, 2023/11/04 02:41:10.283, GPU-f85a1c50-0c98-e374-1306-7c84f519cad5, 0 %, 40536 MiB, 0 %, 50.71 W
NVIDIA A100-SXM4-40GB, 2023/11/04 02:41:10.286, GPU-da1b1640-a5a3-e19a-8453-dd88c9e77f26, 0 %, 40536 MiB, 0 %, 75.73 W
NVIDIA A100-SXM4-40GB, 2023/11/04 02:41:10.288, GPU-ece058fa-15d6-8a3c-0d4b-55fd0d9dbb06, 0 %, 40536 MiB, 0 %, 70.98 W
NVIDIA A100-SXM4-40GB, 2023/11/04 02:41:10.291, GPU-5dbb7c73-9b00-e5a0-d8ac-9b95c2870383, 0 %, 40536 MiB, 0 %, 74.19 W
NVIDIA A100-SXM4-40GB, 2023/11/04 02:41:11.293, GPU-f85a1c50-0c98-e374-1306-7c84f519cad5, 0 %, 40536 MiB, 0 %, 50.76 W
NVIDIA A100-SXM4-40GB, 2023/11/04 02:41:11.296, GPU-da1b1640-a5a3-e19a-8453-dd88c9e77f26, 0 %, 40536 MiB, 0 %, 54.95 W
NVIDIA A100-SXM4-40GB, 2023/11/04 02:41:11.300, GPU-ece058fa-15d6-8a3c-0d4b-55fd0d9dbb06, 0 %, 40536 MiB, 0 %, 51.09 W
NVIDIA A100-SXM4-40GB, 2023/11/04 02:41:11.303, GPU-5dbb7c73-9b00-e5a0-d8ac-9b95c2870383, 0 %, 40536 MiB, 0 %, 54.08 W
NVIDIA A100-SXM4-40GB, 2023/11/04 02:41:12.307, GPU-f85a1c50-0c98-e374-1306-7c84f519cad5, 0 %, 40536 MiB, 0 %, 50.76 W
NVIDIA A100-SXM4-40GB, 2023/11/04 02:41:12.310, GPU-da1b1640-a5a3-e19a-8453-dd88c9e77f26, 0 %, 40536 MiB, 0 %, 54.95 W
NVIDIA A100-SXM4-40GB, 2023/11/04 02:41:12.312, GPU-ece058fa-15d6-8a3c-0d4b-55fd0d9dbb06, 0 %, 40536 MiB, 0 %, 51.14 W
NVIDIA A100-SXM4-40GB, 2023/11/04 02:41:12.315, GPU-5dbb7c73-9b00-e5a0-d8ac-9b95c2870383, 0 %, 40536 MiB, 0 %, 54.08 W
NVIDIA A100-SXM4-40GB, 2023/11/04 02:41:13.318, GPU-f85a1c50-0c98-e374-1306-7c84f519cad5, 0 %, 40536 MiB, 0 %, 50.76 W
NVIDIA A100-SXM4-40GB, 2023/11/04 02:41:13.320, GPU-da1b1640-a5a3-e19a-8453-dd88c9e77f26, 0 %, 40536 MiB, 0 %, 54.95 W
NVIDIA A100-SXM4-40GB, 2023/11/04 02:41:13.323, GPU-ece058fa-15d6-8a3c-0d4b-55fd0d9dbb06, 0 %, 40536 MiB, 0 %, 51.09 W
NVIDIA A100-SXM4-40GB, 2023/11/04 02:41:13.325, GPU-5dbb7c73-9b00-e5a0-d8ac-9b95c2870383, 0 %, 40536 MiB, 0 %, 54.03 W
NVIDIA A100-SXM4-40GB, 2023/11/04 02:41:14.328, GPU-f85a1c50-0c98-e374-1306-7c84f519cad5, 0 %, 40536 MiB, 0 %, 50.76 W
NVIDIA A100-SXM4-40GB, 2023/11/04 02:41:14.331, GPU-da1b1640-a5a3-e19a-8453-dd88c9e77f26, 0 %, 40536 MiB, 0 %, 54.95 W
NVIDIA A100-SXM4-40GB, 2023/11/04 02:41:14.334, GPU-ece058fa-15d6-8a3c-0d4b-55fd0d9dbb06, 0 %, 40536 MiB, 0 %, 51.14 W
NVIDIA A100-SXM4-40GB, 2023/11/04 02:41:14.336, GPU-5dbb7c73-9b00-e5a0-d8ac-9b95c2870383, 0 %, 40536 MiB, 0 %, 54.08 W
NVIDIA A100-SXM4-40GB, 2023/11/04 02:41:15.339, GPU-f85a1c50-0c98-e374-1306-7c84f519cad5, 0 %, 40536 MiB, 0 %, 50.76 W
NVIDIA A100-SXM4-40GB, 2023/11/04 02:41:15.342, GPU-da1b1640-a5a3-e19a-8453-dd88c9e77f26, 0 %, 40536 MiB, 0 %, 54.95 W
NVIDIA A100-SXM4-40GB, 2023/11/04 02:41:15.344, GPU-ece058fa-15d6-8a3c-0d4b-55fd0d9dbb06, 0 %, 40536 MiB, 0 %, 51.14 W
NVIDIA A100-SXM4-40GB, 2023/11/04 02:41:15.348, GPU-5dbb7c73-9b00-e5a0-d8ac-9b95c2870383, 0 %, 40536 MiB, 0 %, 54.03 W
NVIDIA A100-SXM4-40GB, 2023/11/04 02:41:16.351, GPU-f85a1c50-0c98-e374-1306-7c84f519cad5, 0 %, 40536 MiB, 0 %, 50.76 W
NVIDIA A100-SXM4-40GB, 2023/11/04 02:41:16.354, GPU-da1b1640-a5a3-e19a-8453-dd88c9e77f26, 0 %, 40536 MiB, 0 %, 54.95 W
NVIDIA A100-SXM4-40GB, 2023/11/04 02:41:16.356, GPU-ece058fa-15d6-8a3c-0d4b-55fd0d9dbb06, 0 %, 40536 MiB, 0 %, 51.09 W
NVIDIA A100-SXM4-40GB, 2023/11/04 02:41:16.359, GPU-5dbb7c73-9b00-e5a0-d8ac-9b95c2870383, 0 %, 40536 MiB, 0 %, 54.03 W
NVIDIA A100-SXM4-40GB, 2023/11/04 02:41:17.363, GPU-f85a1c50-0c98-e374-1306-7c84f519cad5, 0 %, 40536 MiB, 0 %, 50.76 W
NVIDIA A100-SXM4-40GB, 2023/11/04 02:41:17.367, GPU-da1b1640-a5a3-e19a-8453-dd88c9e77f26, 0 %, 40536 MiB, 0 %, 54.95 W
NVIDIA A100-SXM4-40GB, 2023/11/04 02:41:17.369, GPU-ece058fa-15d6-8a3c-0d4b-55fd0d9dbb06, 0 %, 40536 MiB, 0 %, 51.14 W
NVIDIA A100-SXM4-40GB, 2023/11/04 02:41:17.372, GPU-5dbb7c73-9b00-e5a0-d8ac-9b95c2870383, 0 %, 40536 MiB, 0 %, 54.08 W
NVIDIA A100-SXM4-40GB, 2023/11/04 02:41:18.375, GPU-f85a1c50-0c98-e374-1306-7c84f519cad5, 0 %, 40536 MiB, 0 %, 50.76 W
NVIDIA A100-SXM4-40GB, 2023/11/04 02:41:18.378, GPU-da1b1640-a5a3-e19a-8453-dd88c9e77f26, 0 %, 40536 MiB, 0 %, 54.95 W
NVIDIA A100-SXM4-40GB, 2023/11/04 02:41:18.380, GPU-ece058fa-15d6-8a3c-0d4b-55fd0d9dbb06, 0 %, 40536 MiB, 0 %, 51.09 W
NVIDIA A100-SXM4-40GB, 2023/11/04 02:41:18.384, GPU-5dbb7c73-9b00-e5a0-d8ac-9b95c2870383, 0 %, 40536 MiB, 0 %, 53.75 W
NVIDIA A100-SXM4-40GB, 2023/11/04 02:41:19.387, GPU-f85a1c50-0c98-e374-1306-7c84f519cad5, 0 %, 40536 MiB, 0 %, 50.71 W
NVIDIA A100-SXM4-40GB, 2023/11/04 02:41:19.392, GPU-da1b1640-a5a3-e19a-8453-dd88c9e77f26, 0 %, 40536 MiB, 0 %, 54.95 W
NVIDIA A100-SXM4-40GB, 2023/11/04 02:41:19.394, GPU-ece058fa-15d6-8a3c-0d4b-55fd0d9dbb06, 0 %, 40536 MiB, 0 %, 51.14 W
NVIDIA A100-SXM4-40GB, 2023/11/04 02:41:19.397, GPU-5dbb7c73-9b00-e5a0-d8ac-9b95c2870383, 0 %, 40536 MiB, 0 %, 54.03 W
NVIDIA A100-SXM4-40GB, 2023/11/04 02:41:20.400, GPU-f85a1c50-0c98-e374-1306-7c84f519cad5, 0 %, 40536 MiB, 0 %, 50.76 W
NVIDIA A100-SXM4-40GB, 2023/11/04 02:41:20.402, GPU-da1b1640-a5a3-e19a-8453-dd88c9e77f26, 0 %, 40536 MiB, 0 %, 54.95 W
NVIDIA A100-SXM4-40GB, 2023/11/04 02:41:20.405, GPU-ece058fa-15d6-8a3c-0d4b-55fd0d9dbb06, 0 %, 40536 MiB, 0 %, 51.09 W
NVIDIA A100-SXM4-40GB, 2023/11/04 02:41:20.410, GPU-5dbb7c73-9b00-e5a0-d8ac-9b95c2870383, 0 %, 40536 MiB, 0 %, 54.03 W
